{
"lengthUnit": "mil",
"components": {
	"fields": ["COMPONENT_NO", "COMPONENT_NAME", "LAYER", "X_COORDINATE", "Y_COORDINATE", "ANGLE"],
	"rows": [
		[1, "C1", "T", 105, 1175, 270],
		[2, "C2", "T", 200, 1175, 90],
		[3, "C3", "T", 295, 1175, 90],
		[4, "ENCODER-A1", "T", 300, 1640, 180],
		[5, "P1", "B", 315, 413.39, 270],
		[6, "R1", "T", 485, 1180, 270],
		[7, "R2", "T", 105, 925, 270],
		[8, "R3", "T", 390, 1180, 270],
		[9, "R4", "T", 295, 925, 90],
		[10, "R5", "T", 200, 925, 90],
		[11, "R6", "T", 390, 925, 90],
		[12, "R7", "T", 300, 2710, 180],
		[13, "R8", "T", 485, 925, 90],
		[14, "STEREOJACK1", "T", 300, 3790, 0],
		[15, "STEREOJACK2", "T", 300, 3215, 0]
	]
},
"pins": {
	"fields": ["PIN_NO", "PIN_NAME", "PIN_X", "PIN_Y", "LAYER", "PIN_TYPE", "NET_NAME", "NET_TYPE", "PAD_SHAPE", "PAD_SIZEX", "PAD_SIZEY", "HOLE_SIZE", "PAD_ANGLE"],
	"rows": [
		[1, "C1_1", 105, 1214.37, "T", "SMD", "GND", "GND", "R", 55.51, 53.15, 0, 270],
		[2, "C1_2", 105, 1135.63, "T", "SMD", "$1N1123", "", "R", 55.51, 53.15, 0, 270],
		[3, "C2_1", 200, 1135.63, "T", "SMD", "GND", "GND", "R", 55.51, 53.15, 0, 90],
		[4, "C2_2", 200, 1214.37, "T", "SMD", "$1N1118", "", "R", 55.51, 53.15, 0, 90],
		[5, "C3_1", 295, 1135.63, "T", "SMD", "$1N996", "", "R", 55.51, 53.15, 0, 90],
		[6, "C3_2", 295, 1214.37, "T", "SMD", "$1N892", "", "R", 55.51, 53.15, 0, 90],
		[7, "ENCODER-A1_6", 83.46, 1630.15, "T", "DIP", "ENCODER-A1_6", "", "O", 157.48, 90.55, 118.11, 270],
		[8, "ENCODER-A1_6", 83.46, 1630.15, "B", "DIP", "ENCODER-A1_6", "", "O", 157.48, 90.55, 118.11, 270],
		[9, "ENCODER-A1_7", 516.53, 1630.15, "T", "DIP", "ENCODER-A1_7", "", "O", 157.48, 90.55, 118.11, 270],
		[10, "ENCODER-A1_7", 516.53, 1630.15, "B", "DIP", "ENCODER-A1_7", "", "O", 157.48, 90.55, 118.11, 270],
		[11, "ENCODER-A1_A", 400, 1925.43, "T", "DIP", "$1N1118", "", "C", 70.87, 70.87, 51.18, 180],
		[12, "ENCODER-A1_A", 400, 1925.43, "B", "DIP", "$1N1118", "", "C", 70.87, 70.87, 51.18, 180],
		[13, "ENCODER-A1_B", 200.01, 1925.43, "T", "DIP", "$1N1123", "", "C", 70.87, 70.87, 51.18, 180],
		[14, "ENCODER-A1_B", 200.01, 1925.43, "B", "DIP", "$1N1123", "", "C", 70.87, 70.87, 51.18, 180],
		[15, "ENCODER-A1_C", 300, 1925.43, "T", "DIP", "GND", "GND", "C", 70.87, 70.87, 51.18, 180],
		[16, "ENCODER-A1_C", 300, 1925.43, "B", "DIP", "GND", "GND", "C", 70.87, 70.87, 51.18, 180],
		[17, "ENCODER-A1_D", 400, 1354.57, "T", "DIP", "$1N1060", "", "C", 70.87, 70.87, 51.18, 180],
		[18, "ENCODER-A1_D", 400, 1354.57, "B", "DIP", "$1N1060", "", "C", 70.87, 70.87, 51.18, 180],
		[19, "ENCODER-A1_E", 200, 1354.57, "T", "DIP", "GND", "GND", "C", 70.87, 70.87, 51.18, 180],
		[20, "ENCODER-A1_E", 200, 1354.57, "B", "DIP", "GND", "GND", "C", 70.87, 70.87, 51.18, 180],
		[21, "P1_1", 365, 563.39, "T", "DIP", "GND", "GND", "C", 60, 60, 43.3, 270],
		[22, "P1_1", 365, 563.39, "B", "DIP", "GND", "GND", "C", 60, 60, 43.3, 270],
		[23, "P1_2", 265, 563.39, "T", "DIP", "$1N1064", "", "C", 60, 60, 43.3, 270],
		[24, "P1_2", 265, 563.39, "B", "DIP", "$1N1064", "", "C", 60, 60, 43.3, 270],
		[25, "P1_3", 365, 463.39, "T", "DIP", "P1_3", "", "C", 60, 60, 43.3, 270],
		[26, "P1_3", 365, 463.39, "B", "DIP", "P1_3", "", "C", 60, 60, 43.3, 270],
		[27, "P1_4", 265, 463.39, "T", "DIP", "$1N1060", "", "C", 60, 60, 43.3, 270],
		[28, "P1_4", 265, 463.39, "B", "DIP", "$1N1060", "", "C", 60, 60, 43.3, 270],
		[29, "P1_5", 365, 363.39, "T", "DIP", "$1N1118", "", "C", 60, 60, 43.3, 270],
		[30, "P1_5", 365, 363.39, "B", "DIP", "$1N1118", "", "C", 60, 60, 43.3, 270],
		[31, "P1_6", 265, 363.39, "T", "DIP", "$1N1123", "", "C", 60, 60, 43.3, 270],
		[32, "P1_6", 265, 363.39, "B", "DIP", "$1N1123", "", "C", 60, 60, 43.3, 270],
		[33, "P1_7", 365, 263.39, "T", "DIP", "P1_7", "", "C", 60, 60, 43.3, 270],
		[34, "P1_7", 365, 263.39, "B", "DIP", "P1_7", "", "C", 60, 60, 43.3, 270],
		[35, "P1_8", 265, 263.39, "T", "DIP", "$1N1016", "", "C", 60, 60, 43.3, 270],
		[36, "P1_8", 265, 263.39, "B", "DIP", "$1N1016", "", "C", 60, 60, 43.3, 270],
		[37, "R1_1", 485, 1219.37, "T", "SMD", "$1N1123", "", "R", 44.59, 54.21, 0, 270],
		[38, "R1_2", 485, 1140.63, "T", "SMD", "$1N1064", "", "R", 44.59, 54.21, 0, 270],
		[39, "R2_1", 105, 964.37, "T", "SMD", "$1N1118", "", "R", 44.59, 54.21, 0, 270],
		[40, "R2_2", 105, 885.63, "T", "SMD", "$1N1064", "", "R", 44.59, 54.21, 0, 270],
		[41, "R3_1", 390, 1219.37, "T", "SMD", "$1N892", "", "R", 44.59, 54.21, 0, 270],
		[42, "R3_2", 390, 1140.63, "T", "SMD", "$1N783", "", "R", 44.59, 54.21, 0, 270],
		[43, "R4_1", 295, 885.63, "T", "SMD", "$1N892", "", "R", 44.59, 54.21, 0, 90],
		[44, "R4_2", 295, 964.37, "T", "SMD", "$1N789", "", "R", 44.59, 54.21, 0, 90],
		[45, "R5_1", 200, 885.63, "T", "SMD", "$1N783", "", "R", 44.59, 54.21, 0, 90],
		[46, "R5_2", 200, 964.37, "T", "SMD", "$1N799", "", "R", 44.59, 54.21, 0, 90],
		[47, "R6_1", 390, 885.63, "T", "SMD", "$1N789", "", "R", 44.59, 54.21, 0, 90],
		[48, "R6_2", 390, 964.37, "T", "SMD", "$1N814", "", "R", 44.59, 54.21, 0, 90],
		[49, "R7_1", 398.42, 2847.8, "T", "DIP", "GND", "GND", "C", 66.93, 66.93, 39.37, 180],
		[50, "R7_1", 398.42, 2847.8, "B", "DIP", "GND", "GND", "C", 66.93, 66.93, 39.37, 180],
		[51, "R7_2", 300, 2847.8, "T", "DIP", "$1N1016", "", "C", 66.93, 66.93, 39.37, 180],
		[52, "R7_2", 300, 2847.8, "B", "DIP", "$1N1016", "", "C", 66.93, 66.93, 39.37, 180],
		[53, "R7_3", 201.57, 2847.8, "T", "DIP", "$1N996", "", "C", 66.93, 66.93, 39.37, 180],
		[54, "R7_3", 201.57, 2847.8, "B", "DIP", "$1N996", "", "C", 66.93, 66.93, 39.37, 180],
		[55, "R7_4", 473.23, 2572.2, "T", "DIP", "R7_4", "", "O", 108.27, 118.11, 82.68, 180],
		[56, "R7_4", 473.23, 2572.2, "B", "DIP", "R7_4", "", "O", 108.27, 118.11, 82.68, 180],
		[57, "R7_5", 126.77, 2572.2, "T", "DIP", "R7_5", "", "O", 108.27, 118.11, 82.68, 180],
		[58, "R7_5", 126.77, 2572.2, "B", "DIP", "R7_5", "", "O", 108.27, 118.11, 82.68, 180],
		[59, "R8_1", 485, 885.63, "T", "SMD", "$1N1060", "", "R", 44.59, 54.21, 0, 90],
		[60, "R8_2", 485, 964.37, "T", "SMD", "$1N1064", "", "R", 44.59, 54.21, 0, 90],
		[61, "STEREOJACK1_1", 300, 3534.88, "T", "DIP", "GND", "GND", "O", 78.74, 47.24, 59.05, 0],
		[62, "STEREOJACK1_1", 300, 3534.88, "B", "DIP", "GND", "GND", "O", 78.74, 47.24, 59.05, 0],
		[63, "STEREOJACK1_2", 300, 3656.93, "T", "DIP", "$1N789", "", "O", 90.55, 55.12, 59.05, 0],
		[64, "STEREOJACK1_2", 300, 3656.93, "B", "DIP", "$1N789", "", "O", 90.55, 55.12, 59.05, 0],
		[65, "STEREOJACK1_3", 300, 3983.7, "T", "DIP", "$1N783", "", "O", 90.55, 55.12, 59.05, 0],
		[66, "STEREOJACK1_3", 300, 3983.7, "B", "DIP", "$1N783", "", "O", 90.55, 55.12, 59.05, 0],
		[67, "STEREOJACK2_1", 300, 2959.88, "T", "DIP", "GND", "GND", "O", 78.74, 47.24, 59.05, 0],
		[68, "STEREOJACK2_1", 300, 2959.88, "B", "DIP", "GND", "GND", "O", 78.74, 47.24, 59.05, 0],
		[69, "STEREOJACK2_2", 300, 3081.93, "T", "DIP", "$1N814", "", "O", 90.55, 55.12, 59.05, 0],
		[70, "STEREOJACK2_2", 300, 3081.93, "B", "DIP", "$1N814", "", "O", 90.55, 55.12, 59.05, 0],
		[71, "STEREOJACK2_3", 300, 3408.7, "T", "DIP", "$1N799", "", "O", 90.55, 55.12, 59.05, 0],
		[72, "STEREOJACK2_3", 300, 3408.7, "B", "DIP", "$1N799", "", "O", 90.55, 55.12, 59.05, 0]
	]
}
}