{
"lengthUnit": "mil",
"components": {
	"fields": ["COMPONENT_NO", "COMPONENT_NAME", "LAYER", "X_COORDINATE", "Y_COORDINATE", "ANGLE"],
	"rows": [
		[1, "C1", "T", 2003.82, 1270, 90],
		[2, "C2", "T", 2290.87, 1270, 90],
		[3, "C9", "T", 2290, 945, 270],
		[4, "H1", "B", 2800, 4210, 180],
		[5, "H2", "B", 730, 4210, 180],
		[6, "H3", "B", 1770.32, 2030.2, 180],
		[7, "H4", "B", 2800, 2750, 180],
		[8, "H5", "B", 730, 2750, 180],
		[9, "H6", "B", 1770, 573.5, 180],
		[10, "P1", "T", 2730, 413.39, 270],
		[11, "P2", "T", 520, 1395, 270],
		[12, "Q1", "T", 2002.12, 1574.37, 0],
		[13, "Q2", "T", 2295, 1574.37, 0],
		[14, "R1", "T", 955, 1574.37, 270],
		[15, "R2", "T", 1210.32, 1574.37, 90],
		[16, "R3", "T", 1465.63, 1574.37, 270],
		[17, "R4", "T", 1720.95, 1574.37, 270],
		[18, "R5", "T", 960, 1270, 270],
		[19, "R6", "T", 1223.12, 1270, 90],
		[20, "R7", "T", 1486.23, 1270, 90],
		[21, "R8", "T", 1725, 1270, 90],
		[22, "R9", "T", 1495, 3600, 270],
		[23, "R10", "T", 1742.5, 3600, 270],
		[24, "R11", "T", 1990, 3600, 270],
		[25, "U1", "T", 3147.5, 3097.5, 270],
		[26, "U2", "T", 2452.5, 3097.5, 270],
		[27, "U3", "T", 1080, 3095, 270],
		[28, "U4", "T", 380, 3095, 270],
		[29, "U5", "T", 1780, 3160, 180],
		[30, "U6", "T", 2725, 1405, 180],
		[31, "U7", "T", 1780.91, 4123.86, 0]
	]
},
"pins": {
	"fields": ["PIN_NO", "PIN_NAME", "PIN_X", "PIN_Y", "LAYER", "PIN_TYPE", "NET_NAME", "NET_TYPE", "PAD_SHAPE", "PAD_SIZEX", "PAD_SIZEY", "HOLE_SIZE", "PAD_ANGLE"],
	"rows": [
		[1, "C1_1", 2003.82, 1230.63, "T", "SMD", "$1N2408", "", "R", 55.51, 53.15, 0, 90],
		[2, "C1_2", 2003.82, 1309.37, "T", "SMD", "GND", "GND", "R", 55.51, 53.15, 0, 90],
		[3, "C2_1", 2290.87, 1230.63, "T", "SMD", "$1N2470", "", "R", 55.51, 53.15, 0, 90],
		[4, "C2_2", 2290.87, 1309.37, "T", "SMD", "GND", "GND", "R", 55.51, 53.15, 0, 90],
		[5, "C9_1", 2290, 1010.38, "T", "SMD", "+5V", "", "R", 110.24, 43.31, 0, 270],
		[6, "C9_2", 2290, 879.63, "T", "SMD", "GND", "GND", "R", 110.24, 43.31, 0, 270],
		[7, "H1_1", 3150, 4210, "T", "DIP", "GND", "GND", "R", 59.05, 59.05, 39.37, 180],
		[8, "H1_1", 3150, 4210, "B", "DIP", "GND", "GND", "R", 59.05, 59.05, 39.37, 180],
		[9, "H1_2", 3050, 4210, "T", "DIP", "3V3", "", "C", 59.05, 59.05, 39.37, 180],
		[10, "H1_2", 3050, 4210, "B", "DIP", "3V3", "", "C", 59.05, 59.05, 39.37, 180],
		[11, "H1_3", 2950, 4210, "T", "DIP", "$1N907", "", "C", 59.05, 59.05, 39.37, 180],
		[12, "H1_3", 2950, 4210, "B", "DIP", "$1N907", "", "C", 59.05, 59.05, 39.37, 180],
		[13, "H1_4", 2850, 4210, "T", "DIP", "$1N915", "", "C", 59.05, 59.05, 39.37, 180],
		[14, "H1_4", 2850, 4210, "B", "DIP", "$1N915", "", "C", 59.05, 59.05, 39.37, 180],
		[15, "H1_5", 2750, 4210, "T", "DIP", "$1N972", "", "C", 59.05, 59.05, 39.37, 180],
		[16, "H1_5", 2750, 4210, "B", "DIP", "$1N972", "", "C", 59.05, 59.05, 39.37, 180],
		[17, "H1_6", 2650, 4210, "T", "DIP", "$1N978", "", "C", 59.05, 59.05, 39.37, 180],
		[18, "H1_6", 2650, 4210, "B", "DIP", "$1N978", "", "C", 59.05, 59.05, 39.37, 180],
		[19, "H1_7", 2550, 4210, "T", "DIP", "$1N984", "", "C", 59.05, 59.05, 39.37, 180],
		[20, "H1_7", 2550, 4210, "B", "DIP", "$1N984", "", "C", 59.05, 59.05, 39.37, 180],
		[21, "H1_8", 2450, 4210, "T", "DIP", "3V3", "", "C", 59.05, 59.05, 39.37, 180],
		[22, "H1_8", 2450, 4210, "B", "DIP", "3V3", "", "C", 59.05, 59.05, 39.37, 180],
		[23, "H2_1", 1080, 4210, "T", "DIP", "GND", "GND", "R", 59.05, 59.05, 39.37, 180],
		[24, "H2_1", 1080, 4210, "B", "DIP", "GND", "GND", "R", 59.05, 59.05, 39.37, 180],
		[25, "H2_2", 980, 4210, "T", "DIP", "3V3", "", "C", 59.05, 59.05, 39.37, 180],
		[26, "H2_2", 980, 4210, "B", "DIP", "3V3", "", "C", 59.05, 59.05, 39.37, 180],
		[27, "H2_3", 880, 4210, "T", "DIP", "$1N907", "", "C", 59.05, 59.05, 39.37, 180],
		[28, "H2_3", 880, 4210, "B", "DIP", "$1N907", "", "C", 59.05, 59.05, 39.37, 180],
		[29, "H2_4", 780, 4210, "T", "DIP", "$1N915", "", "C", 59.05, 59.05, 39.37, 180],
		[30, "H2_4", 780, 4210, "B", "DIP", "$1N915", "", "C", 59.05, 59.05, 39.37, 180],
		[31, "H2_5", 680, 4210, "T", "DIP", "$1N1132", "", "C", 59.05, 59.05, 39.37, 180],
		[32, "H2_5", 680, 4210, "B", "DIP", "$1N1132", "", "C", 59.05, 59.05, 39.37, 180],
		[33, "H2_6", 580, 4210, "T", "DIP", "$1N1140", "", "C", 59.05, 59.05, 39.37, 180],
		[34, "H2_6", 580, 4210, "B", "DIP", "$1N1140", "", "C", 59.05, 59.05, 39.37, 180],
		[35, "H2_7", 480, 4210, "T", "DIP", "$1N1148", "", "C", 59.05, 59.05, 39.37, 180],
		[36, "H2_7", 480, 4210, "B", "DIP", "$1N1148", "", "C", 59.05, 59.05, 39.37, 180],
		[37, "H2_8", 380, 4210, "T", "DIP", "3V3", "", "C", 59.05, 59.05, 39.37, 180],
		[38, "H2_8", 380, 4210, "B", "DIP", "3V3", "", "C", 59.05, 59.05, 39.37, 180],
		[39, "H3_1", 2120.32, 2030.2, "T", "DIP", "GND", "GND", "R", 59.05, 59.05, 39.37, 180],
		[40, "H3_1", 2120.32, 2030.2, "B", "DIP", "GND", "GND", "R", 59.05, 59.05, 39.37, 180],
		[41, "H3_2", 2020.32, 2030.2, "T", "DIP", "3V3(2)", "", "C", 59.05, 59.05, 39.37, 180],
		[42, "H3_2", 2020.32, 2030.2, "B", "DIP", "3V3(2)", "", "C", 59.05, 59.05, 39.37, 180],
		[43, "H3_3", 1920.32, 2030.2, "T", "DIP", "$1N956", "", "C", 59.05, 59.05, 39.37, 180],
		[44, "H3_3", 1920.32, 2030.2, "B", "DIP", "$1N956", "", "C", 59.05, 59.05, 39.37, 180],
		[45, "H3_4", 1820.32, 2030.2, "T", "DIP", "$1N964", "", "C", 59.05, 59.05, 39.37, 180],
		[46, "H3_4", 1820.32, 2030.2, "B", "DIP", "$1N964", "", "C", 59.05, 59.05, 39.37, 180],
		[47, "H3_5", 1720.32, 2030.2, "T", "DIP", "$1N1743", "", "C", 59.05, 59.05, 39.37, 180],
		[48, "H3_5", 1720.32, 2030.2, "B", "DIP", "$1N1743", "", "C", 59.05, 59.05, 39.37, 180],
		[49, "H3_6", 1620.32, 2030.2, "T", "DIP", "$1N1751", "", "C", 59.05, 59.05, 39.37, 180],
		[50, "H3_6", 1620.32, 2030.2, "B", "DIP", "$1N1751", "", "C", 59.05, 59.05, 39.37, 180],
		[51, "H3_7", 1520.32, 2030.2, "T", "DIP", "$1N1762", "", "C", 59.05, 59.05, 39.37, 180],
		[52, "H3_7", 1520.32, 2030.2, "B", "DIP", "$1N1762", "", "C", 59.05, 59.05, 39.37, 180],
		[53, "H3_8", 1420.32, 2030.2, "T", "DIP", "3V3(2)", "", "C", 59.05, 59.05, 39.37, 180],
		[54, "H3_8", 1420.32, 2030.2, "B", "DIP", "3V3(2)", "", "C", 59.05, 59.05, 39.37, 180],
		[55, "H4_1", 2850, 2750, "T", "DIP", "H4_1", "", "R", 78.74, 78.74, 47.24, 180],
		[56, "H4_1", 2850, 2750, "B", "DIP", "H4_1", "", "R", 78.74, 78.74, 47.24, 180],
		[57, "H4_2", 2750, 2750, "T", "DIP", "H4_2", "", "C", 78.74, 78.74, 47.24, 180],
		[58, "H4_2", 2750, 2750, "B", "DIP", "H4_2", "", "C", 78.74, 78.74, 47.24, 180],
		[59, "H5_1", 780, 2750, "T", "DIP", "H5_1", "", "R", 78.74, 78.74, 47.24, 180],
		[60, "H5_1", 780, 2750, "B", "DIP", "H5_1", "", "R", 78.74, 78.74, 47.24, 180],
		[61, "H5_2", 680, 2750, "T", "DIP", "H5_2", "", "C", 78.74, 78.74, 47.24, 180],
		[62, "H5_2", 680, 2750, "B", "DIP", "H5_2", "", "C", 78.74, 78.74, 47.24, 180],
		[63, "H6_1", 1820, 573.5, "T", "DIP", "H6_1", "", "R", 78.74, 78.74, 47.24, 180],
		[64, "H6_1", 1820, 573.5, "B", "DIP", "H6_1", "", "R", 78.74, 78.74, 47.24, 180],
		[65, "H6_2", 1720, 573.5, "T", "DIP", "H6_2", "", "C", 78.74, 78.74, 47.24, 180],
		[66, "H6_2", 1720, 573.5, "B", "DIP", "H6_2", "", "C", 78.74, 78.74, 47.24, 180],
		[67, "P1_1", 2680, 563.39, "T", "DIP", "GND", "GND", "C", 60, 60, 43.3, 270],
		[68, "P1_1", 2680, 563.39, "B", "DIP", "GND", "GND", "C", 60, 60, 43.3, 270],
		[69, "P1_2", 2780, 563.39, "T", "DIP", "3V3", "", "C", 60, 60, 43.3, 270],
		[70, "P1_2", 2780, 563.39, "B", "DIP", "3V3", "", "C", 60, 60, 43.3, 270],
		[71, "P1_3", 2680, 463.39, "T", "DIP", "+5V", "", "C", 60, 60, 43.3, 270],
		[72, "P1_3", 2680, 463.39, "B", "DIP", "+5V", "", "C", 60, 60, 43.3, 270],
		[73, "P1_4", 2780, 463.39, "T", "DIP", "$1N1272", "", "C", 60, 60, 43.3, 270],
		[74, "P1_4", 2780, 463.39, "B", "DIP", "$1N1272", "", "C", 60, 60, 43.3, 270],
		[75, "P1_5", 2680, 363.39, "T", "DIP", "$1N1280", "", "C", 60, 60, 43.3, 270],
		[76, "P1_5", 2680, 363.39, "B", "DIP", "$1N1280", "", "C", 60, 60, 43.3, 270],
		[77, "P1_6", 2780, 363.39, "T", "DIP", "$1N1288", "", "C", 60, 60, 43.3, 270],
		[78, "P1_6", 2780, 363.39, "B", "DIP", "$1N1288", "", "C", 60, 60, 43.3, 270],
		[79, "P1_7", 2680, 263.39, "T", "DIP", "$1N1380", "", "C", 60, 60, 43.3, 270],
		[80, "P1_7", 2680, 263.39, "B", "DIP", "$1N1380", "", "C", 60, 60, 43.3, 270],
		[81, "P1_8", 2780, 263.39, "T", "DIP", "$1N2353", "", "C", 60, 60, 43.3, 270],
		[82, "P1_8", 2780, 263.39, "B", "DIP", "$1N2353", "", "C", 60, 60, 43.3, 270],
		[83, "P2_1", 470, 1745, "T", "DIP", "P2_1", "", "C", 60, 60, 43.3, 270],
		[84, "P2_1", 470, 1745, "B", "DIP", "P2_1", "", "C", 60, 60, 43.3, 270],
		[85, "P2_2", 570, 1745, "T", "DIP", "P2_2", "", "C", 60, 60, 43.3, 270],
		[86, "P2_2", 570, 1745, "B", "DIP", "P2_2", "", "C", 60, 60, 43.3, 270],
		[87, "P2_3", 470, 1645, "T", "DIP", "GND", "GND", "C", 60, 60, 43.3, 270],
		[88, "P2_3", 470, 1645, "B", "DIP", "GND", "GND", "C", 60, 60, 43.3, 270],
		[89, "P2_4", 570, 1645, "T", "DIP", "GND", "GND", "C", 60, 60, 43.3, 270],
		[90, "P2_4", 570, 1645, "B", "DIP", "GND", "GND", "C", 60, 60, 43.3, 270],
		[91, "P2_5", 470, 1545, "T", "DIP", "GND", "GND", "C", 60, 60, 43.3, 270],
		[92, "P2_5", 470, 1545, "B", "DIP", "GND", "GND", "C", 60, 60, 43.3, 270],
		[93, "P2_6", 570, 1545, "T", "DIP", "GND", "GND", "C", 60, 60, 43.3, 270],
		[94, "P2_6", 570, 1545, "B", "DIP", "GND", "GND", "C", 60, 60, 43.3, 270],
		[95, "P2_7", 470, 1445, "T", "DIP", "GND", "GND", "C", 60, 60, 43.3, 270],
		[96, "P2_7", 470, 1445, "B", "DIP", "GND", "GND", "C", 60, 60, 43.3, 270],
		[97, "P2_8", 570, 1445, "T", "DIP", "GND", "GND", "C", 60, 60, 43.3, 270],
		[98, "P2_8", 570, 1445, "B", "DIP", "GND", "GND", "C", 60, 60, 43.3, 270],
		[99, "P2_9", 470, 1345, "T", "DIP", "$1N1504", "", "C", 60, 60, 43.3, 270],
		[100, "P2_9", 470, 1345, "B", "DIP", "$1N1504", "", "C", 60, 60, 43.3, 270],
		[101, "P2_10", 570, 1345, "T", "DIP", "$1N1504", "", "C", 60, 60, 43.3, 270],
		[102, "P2_10", 570, 1345, "B", "DIP", "$1N1504", "", "C", 60, 60, 43.3, 270],
		[103, "P2_11", 470, 1245, "T", "DIP", "P2_11", "", "C", 60, 60, 43.3, 270],
		[104, "P2_11", 470, 1245, "B", "DIP", "P2_11", "", "C", 60, 60, 43.3, 270],
		[105, "P2_12", 570, 1245, "T", "DIP", "P2_12", "", "C", 60, 60, 43.3, 270],
		[106, "P2_12", 570, 1245, "B", "DIP", "P2_12", "", "C", 60, 60, 43.3, 270],
		[107, "P2_13", 470, 1145, "T", "DIP", "P2_13", "", "C", 60, 60, 43.3, 270],
		[108, "P2_13", 470, 1145, "B", "DIP", "P2_13", "", "C", 60, 60, 43.3, 270],
		[109, "P2_14", 570, 1145, "T", "DIP", "P2_14", "", "C", 60, 60, 43.3, 270],
		[110, "P2_14", 570, 1145, "B", "DIP", "P2_14", "", "C", 60, 60, 43.3, 270],
		[111, "P2_15", 470, 1045, "T", "DIP", "P2_15", "", "C", 60, 60, 43.3, 270],
		[112, "P2_15", 470, 1045, "B", "DIP", "P2_15", "", "C", 60, 60, 43.3, 270],
		[113, "P2_16", 570, 1045, "T", "DIP", "P2_16", "", "C", 60, 60, 43.3, 270],
		[114, "P2_16", 570, 1045, "B", "DIP", "P2_16", "", "C", 60, 60, 43.3, 270],
		[115, "Q1_1", 2047.4, 1536.97, "T", "SMD", "3V3(2)", "", "R", 39.37, 31.5, 0, 180],
		[116, "Q1_2", 2047.4, 1611.77, "T", "SMD", "$1N2033", "", "R", 39.37, 31.5, 0, 180],
		[117, "Q1_3", 1956.84, 1574.37, "T", "SMD", "$1N2120", "", "R", 39.37, 31.5, 0, 180],
		[118, "Q2_1", 2340.28, 1536.97, "T", "SMD", "3V3(2)", "", "R", 39.37, 31.5, 0, 180],
		[119, "Q2_2", 2340.28, 1611.77, "T", "SMD", "$1N2143", "", "R", 39.37, 31.5, 0, 180],
		[120, "Q2_3", 2249.72, 1574.37, "T", "SMD", "$1N2235", "", "R", 39.37, 31.5, 0, 180],
		[121, "R1_1", 955, 1613.74, "T", "SMD", "$1N2033", "", "R", 44.59, 54.21, 0, 270],
		[122, "R1_2", 955, 1535, "T", "SMD", "3V3(2)", "", "R", 44.59, 54.21, 0, 270],
		[123, "R2_1", 1210.32, 1535, "T", "SMD", "3V3(2)", "", "R", 44.59, 54.21, 0, 90],
		[124, "R2_2", 1210.32, 1613.74, "T", "SMD", "$1N2143", "", "R", 44.59, 54.21, 0, 90],
		[125, "R3_1", 1465.63, 1613.74, "T", "SMD", "$1N2120", "", "R", 44.59, 54.21, 0, 270],
		[126, "R3_2", 1465.63, 1535, "T", "SMD", "+5V", "", "R", 44.59, 54.21, 0, 270],
		[127, "R4_1", 1720.95, 1613.74, "T", "SMD", "$1N2235", "", "R", 44.59, 54.21, 0, 270],
		[128, "R4_2", 1720.95, 1535, "T", "SMD", "+5V", "", "R", 44.59, 54.21, 0, 270],
		[129, "R5_1", 960, 1309.37, "T", "SMD", "+5V", "", "R", 44.59, 54.21, 0, 270],
		[130, "R5_2", 960, 1230.63, "T", "SMD", "$1N2470", "", "R", 44.59, 54.21, 0, 270],
		[131, "R6_1", 1223.12, 1230.63, "T", "SMD", "$1N2615", "", "R", 44.59, 54.21, 0, 90],
		[132, "R6_2", 1223.12, 1309.37, "T", "SMD", "$1N2673", "", "R", 44.59, 54.21, 0, 90],
		[133, "R7_1", 1486.23, 1230.63, "T", "SMD", "$1N2673", "", "R", 44.59, 54.21, 0, 90],
		[134, "R7_2", 1486.23, 1309.37, "T", "SMD", "GND", "GND", "R", 44.59, 54.21, 0, 90],
		[135, "R8_1", 1725, 1230.63, "T", "SMD", "GND", "GND", "R", 44.59, 54.21, 0, 90],
		[136, "R8_2", 1725, 1309.37, "T", "SMD", "$1N2353", "", "R", 44.59, 54.21, 0, 90],
		[137, "R9_1", 1495, 3639.37, "T", "SMD", "$1N5002", "", "R", 44.59, 54.21, 0, 270],
		[138, "R9_2", 1495, 3560.63, "T", "SMD", "$1N5020", "", "R", 44.59, 54.21, 0, 270],
		[139, "R10_1", 1742.5, 3639.37, "T", "SMD", "$1N4998", "", "R", 44.59, 54.21, 0, 270],
		[140, "R10_2", 1742.5, 3560.63, "T", "SMD", "$1N5013", "", "R", 44.59, 54.21, 0, 270],
		[141, "R11_1", 1990, 3639.37, "T", "SMD", "$1N4994", "", "R", 44.59, 54.21, 0, 270],
		[142, "R11_2", 1990, 3560.63, "T", "SMD", "$1N5007", "", "R", 44.59, 54.21, 0, 270],
		[143, "U1_1", 3147.5, 4047.5, "T", "DIP", "U1_1", "", "R", 64.96, 64.96, 40.16, 270],
		[144, "U1_1", 3147.5, 4047.5, "B", "DIP", "U1_1", "", "R", 64.96, 64.96, 40.16, 270],
		[145, "U1_2", 3147.5, 3947.5, "T", "DIP", "+5V", "", "C", 64.96, 64.96, 40.16, 270],
		[146, "U1_2", 3147.5, 3947.5, "B", "DIP", "+5V", "", "C", 64.96, 64.96, 40.16, 270],
		[147, "U1_3", 3147.5, 3847.5, "T", "DIP", "GND", "GND", "C", 64.96, 64.96, 40.16, 270],
		[148, "U1_3", 3147.5, 3847.5, "B", "DIP", "GND", "GND", "C", 64.96, 64.96, 40.16, 270],
		[149, "U1_4", 3147.5, 3747.5, "T", "DIP", "U1_4", "", "C", 64.96, 64.96, 40.16, 270],
		[150, "U1_4", 3147.5, 3747.5, "B", "DIP", "U1_4", "", "C", 64.96, 64.96, 40.16, 270],
		[151, "U1_5", 3147.5, 3647.5, "T", "DIP", "3V3", "", "C", 64.96, 64.96, 40.16, 270],
		[152, "U1_5", 3147.5, 3647.5, "B", "DIP", "3V3", "", "C", 64.96, 64.96, 40.16, 270],
		[153, "U1_6", 3147.5, 3547.5, "T", "DIP", "U1_6", "", "C", 64.96, 64.96, 40.16, 270],
		[154, "U1_6", 3147.5, 3547.5, "B", "DIP", "U1_6", "", "C", 64.96, 64.96, 40.16, 270],
		[155, "U1_7", 3147.5, 3447.5, "T", "DIP", "U1_7", "", "C", 64.96, 64.96, 40.16, 270],
		[156, "U1_7", 3147.5, 3447.5, "B", "DIP", "U1_7", "", "C", 64.96, 64.96, 40.16, 270],
		[157, "U1_8", 3147.5, 3347.5, "T", "DIP", "GND", "GND", "C", 64.96, 64.96, 40.16, 270],
		[158, "U1_8", 3147.5, 3347.5, "B", "DIP", "GND", "GND", "C", 64.96, 64.96, 40.16, 270],
		[159, "U1_9", 3147.5, 3247.5, "T", "DIP", "$1N1380", "", "C", 64.96, 64.96, 40.16, 270],
		[160, "U1_9", 3147.5, 3247.5, "B", "DIP", "$1N1380", "", "C", 64.96, 64.96, 40.16, 270],
		[161, "U1_10", 3147.5, 3147.5, "T", "DIP", "U1_10", "", "C", 64.96, 64.96, 40.16, 270],
		[162, "U1_10", 3147.5, 3147.5, "B", "DIP", "U1_10", "", "C", 64.96, 64.96, 40.16, 270],
		[163, "U1_11", 3147.5, 3047.5, "T", "DIP", "U1_11", "", "C", 64.96, 64.96, 40.16, 270],
		[164, "U1_11", 3147.5, 3047.5, "B", "DIP", "U1_11", "", "C", 64.96, 64.96, 40.16, 270],
		[165, "U1_12", 3147.5, 2947.5, "T", "DIP", "U1_12", "", "C", 64.96, 64.96, 40.16, 270],
		[166, "U1_12", 3147.5, 2947.5, "B", "DIP", "U1_12", "", "C", 64.96, 64.96, 40.16, 270],
		[167, "U1_13", 3147.5, 2847.5, "T", "DIP", "GND", "GND", "C", 64.96, 64.96, 40.16, 270],
		[168, "U1_13", 3147.5, 2847.5, "B", "DIP", "GND", "GND", "C", 64.96, 64.96, 40.16, 270],
		[169, "U1_14", 3147.5, 2747.5, "T", "DIP", "U1_14", "", "C", 64.96, 64.96, 40.16, 270],
		[170, "U1_14", 3147.5, 2747.5, "B", "DIP", "U1_14", "", "C", 64.96, 64.96, 40.16, 270],
		[171, "U1_15", 3147.5, 2647.5, "T", "DIP", "U1_15", "", "C", 64.96, 64.96, 40.16, 270],
		[172, "U1_15", 3147.5, 2647.5, "B", "DIP", "U1_15", "", "C", 64.96, 64.96, 40.16, 270],
		[173, "U1_16", 3147.5, 2547.5, "T", "DIP", "$1N1288", "", "C", 64.96, 64.96, 40.16, 270],
		[174, "U1_16", 3147.5, 2547.5, "B", "DIP", "$1N1288", "", "C", 64.96, 64.96, 40.16, 270],
		[175, "U1_17", 3147.5, 2447.5, "T", "DIP", "U1_17", "", "C", 64.96, 64.96, 40.16, 270],
		[176, "U1_17", 3147.5, 2447.5, "B", "DIP", "U1_17", "", "C", 64.96, 64.96, 40.16, 270],
		[177, "U1_18", 3147.5, 2347.5, "T", "DIP", "GND", "GND", "C", 64.96, 64.96, 40.16, 270],
		[178, "U1_18", 3147.5, 2347.5, "B", "DIP", "GND", "GND", "C", 64.96, 64.96, 40.16, 270],
		[179, "U1_19", 3147.5, 2247.5, "T", "DIP", "$1N900", "", "C", 64.96, 64.96, 40.16, 270],
		[180, "U1_19", 3147.5, 2247.5, "B", "DIP", "$1N900", "", "C", 64.96, 64.96, 40.16, 270],
		[181, "U1_20", 3147.5, 2147.5, "T", "DIP", "$1N894", "", "C", 64.96, 64.96, 40.16, 270],
		[182, "U1_20", 3147.5, 2147.5, "B", "DIP", "$1N894", "", "C", 64.96, 64.96, 40.16, 270],
		[183, "U2_1", 2452.5, 4047.5, "T", "DIP", "U2_1", "", "R", 64.96, 64.96, 40.16, 270],
		[184, "U2_1", 2452.5, 4047.5, "B", "DIP", "U2_1", "", "R", 64.96, 64.96, 40.16, 270],
		[185, "U2_2", 2452.5, 3947.5, "T", "DIP", "$1N1280", "", "C", 64.96, 64.96, 40.16, 270],
		[186, "U2_2", 2452.5, 3947.5, "B", "DIP", "$1N1280", "", "C", 64.96, 64.96, 40.16, 270],
		[187, "U2_3", 2452.5, 3847.5, "T", "DIP", "GND", "GND", "C", 64.96, 64.96, 40.16, 270],
		[188, "U2_3", 2452.5, 3847.5, "B", "DIP", "GND", "GND", "C", 64.96, 64.96, 40.16, 270],
		[189, "U2_4", 2452.5, 3747.5, "T", "DIP", "$1N1272", "", "C", 64.96, 64.96, 40.16, 270],
		[190, "U2_4", 2452.5, 3747.5, "B", "DIP", "$1N1272", "", "C", 64.96, 64.96, 40.16, 270],
		[191, "U2_5", 2452.5, 3647.5, "T", "DIP", "U2_5", "", "C", 64.96, 64.96, 40.16, 270],
		[192, "U2_5", 2452.5, 3647.5, "B", "DIP", "U2_5", "", "C", 64.96, 64.96, 40.16, 270],
		[193, "U2_6", 2452.5, 3547.5, "T", "DIP", "$1N978", "", "C", 64.96, 64.96, 40.16, 270],
		[194, "U2_6", 2452.5, 3547.5, "B", "DIP", "$1N978", "", "C", 64.96, 64.96, 40.16, 270],
		[195, "U2_7", 2452.5, 3447.5, "T", "DIP", "$1N984", "", "C", 64.96, 64.96, 40.16, 270],
		[196, "U2_7", 2452.5, 3447.5, "B", "DIP", "$1N984", "", "C", 64.96, 64.96, 40.16, 270],
		[197, "U2_8", 2452.5, 3347.5, "T", "DIP", "GND", "GND", "C", 64.96, 64.96, 40.16, 270],
		[198, "U2_8", 2452.5, 3347.5, "B", "DIP", "GND", "GND", "C", 64.96, 64.96, 40.16, 270],
		[199, "U2_9", 2452.5, 3247.5, "T", "DIP", "$1N972", "", "C", 64.96, 64.96, 40.16, 270],
		[200, "U2_9", 2452.5, 3247.5, "B", "DIP", "$1N972", "", "C", 64.96, 64.96, 40.16, 270],
		[201, "U2_10", 2452.5, 3147.5, "T", "DIP", "U2_10", "", "C", 64.96, 64.96, 40.16, 270],
		[202, "U2_10", 2452.5, 3147.5, "B", "DIP", "U2_10", "", "C", 64.96, 64.96, 40.16, 270],
		[203, "U2_11", 2452.5, 3047.5, "T", "DIP", "$1N1140", "", "C", 64.96, 64.96, 40.16, 270],
		[204, "U2_11", 2452.5, 3047.5, "B", "DIP", "$1N1140", "", "C", 64.96, 64.96, 40.16, 270],
		[205, "U2_12", 2452.5, 2947.5, "T", "DIP", "$1N1148", "", "C", 64.96, 64.96, 40.16, 270],
		[206, "U2_12", 2452.5, 2947.5, "B", "DIP", "$1N1148", "", "C", 64.96, 64.96, 40.16, 270],
		[207, "U2_13", 2452.5, 2847.5, "T", "DIP", "GND", "GND", "C", 64.96, 64.96, 40.16, 270],
		[208, "U2_13", 2452.5, 2847.5, "B", "DIP", "GND", "GND", "C", 64.96, 64.96, 40.16, 270],
		[209, "U2_14", 2452.5, 2747.5, "T", "DIP", "$1N1132", "", "C", 64.96, 64.96, 40.16, 270],
		[210, "U2_14", 2452.5, 2747.5, "B", "DIP", "$1N1132", "", "C", 64.96, 64.96, 40.16, 270],
		[211, "U2_15", 2452.5, 2647.5, "T", "DIP", "$1N5007", "", "C", 64.96, 64.96, 40.16, 270],
		[212, "U2_15", 2452.5, 2647.5, "B", "DIP", "$1N5007", "", "C", 64.96, 64.96, 40.16, 270],
		[213, "U2_16", 2452.5, 2547.5, "T", "DIP", "$1N5013", "", "C", 64.96, 64.96, 40.16, 270],
		[214, "U2_16", 2452.5, 2547.5, "B", "DIP", "$1N5013", "", "C", 64.96, 64.96, 40.16, 270],
		[215, "U2_17", 2452.5, 2447.5, "T", "DIP", "$1N5020", "", "C", 64.96, 64.96, 40.16, 270],
		[216, "U2_17", 2452.5, 2447.5, "B", "DIP", "$1N5020", "", "C", 64.96, 64.96, 40.16, 270],
		[217, "U2_18", 2452.5, 2347.5, "T", "DIP", "GND", "GND", "C", 64.96, 64.96, 40.16, 270],
		[218, "U2_18", 2452.5, 2347.5, "B", "DIP", "GND", "GND", "C", 64.96, 64.96, 40.16, 270],
		[219, "U2_19", 2452.5, 2247.5, "T", "DIP", "$1N907", "", "C", 64.96, 64.96, 40.16, 270],
		[220, "U2_19", 2452.5, 2247.5, "B", "DIP", "$1N907", "", "C", 64.96, 64.96, 40.16, 270],
		[221, "U2_20", 2452.5, 2147.5, "T", "DIP", "$1N915", "", "C", 64.96, 64.96, 40.16, 270],
		[222, "U2_20", 2452.5, 2147.5, "B", "DIP", "$1N915", "", "C", 64.96, 64.96, 40.16, 270],
		[223, "U3_1", 1080, 4045, "T", "DIP", "U3_1", "", "R", 64.96, 64.96, 40.16, 270],
		[224, "U3_1", 1080, 4045, "B", "DIP", "U3_1", "", "R", 64.96, 64.96, 40.16, 270],
		[225, "U3_2", 1080, 3945, "T", "DIP", "+5V", "", "C", 64.96, 64.96, 40.16, 270],
		[226, "U3_2", 1080, 3945, "B", "DIP", "+5V", "", "C", 64.96, 64.96, 40.16, 270],
		[227, "U3_3", 1080, 3845, "T", "DIP", "GND", "GND", "C", 64.96, 64.96, 40.16, 270],
		[228, "U3_3", 1080, 3845, "B", "DIP", "GND", "GND", "C", 64.96, 64.96, 40.16, 270],
		[229, "U3_4", 1080, 3745, "T", "DIP", "U3_4", "", "C", 64.96, 64.96, 40.16, 270],
		[230, "U3_4", 1080, 3745, "B", "DIP", "U3_4", "", "C", 64.96, 64.96, 40.16, 270],
		[231, "U3_5", 1080, 3645, "T", "DIP", "3V3(2)", "", "C", 64.96, 64.96, 40.16, 270],
		[232, "U3_5", 1080, 3645, "B", "DIP", "3V3(2)", "", "C", 64.96, 64.96, 40.16, 270],
		[233, "U3_6", 1080, 3545, "T", "DIP", "U3_6", "", "C", 64.96, 64.96, 40.16, 270],
		[234, "U3_6", 1080, 3545, "B", "DIP", "U3_6", "", "C", 64.96, 64.96, 40.16, 270],
		[235, "U3_7", 1080, 3445, "T", "DIP", "U3_7", "", "C", 64.96, 64.96, 40.16, 270],
		[236, "U3_7", 1080, 3445, "B", "DIP", "U3_7", "", "C", 64.96, 64.96, 40.16, 270],
		[237, "U3_8", 1080, 3345, "T", "DIP", "GND", "GND", "C", 64.96, 64.96, 40.16, 270],
		[238, "U3_8", 1080, 3345, "B", "DIP", "GND", "GND", "C", 64.96, 64.96, 40.16, 270],
		[239, "U3_9", 1080, 3245, "T", "DIP", "U3_9", "", "C", 64.96, 64.96, 40.16, 270],
		[240, "U3_9", 1080, 3245, "B", "DIP", "U3_9", "", "C", 64.96, 64.96, 40.16, 270],
		[241, "U3_10", 1080, 3145, "T", "DIP", "$1N2673", "", "C", 64.96, 64.96, 40.16, 270],
		[242, "U3_10", 1080, 3145, "B", "DIP", "$1N2673", "", "C", 64.96, 64.96, 40.16, 270],
		[243, "U3_11", 1080, 3045, "T", "DIP", "U3_11", "", "C", 64.96, 64.96, 40.16, 270],
		[244, "U3_11", 1080, 3045, "B", "DIP", "U3_11", "", "C", 64.96, 64.96, 40.16, 270],
		[245, "U3_12", 1080, 2945, "T", "DIP", "U3_12", "", "C", 64.96, 64.96, 40.16, 270],
		[246, "U3_12", 1080, 2945, "B", "DIP", "U3_12", "", "C", 64.96, 64.96, 40.16, 270],
		[247, "U3_13", 1080, 2845, "T", "DIP", "GND", "GND", "C", 64.96, 64.96, 40.16, 270],
		[248, "U3_13", 1080, 2845, "B", "DIP", "GND", "GND", "C", 64.96, 64.96, 40.16, 270],
		[249, "U3_14", 1080, 2745, "T", "DIP", "U3_14", "", "C", 64.96, 64.96, 40.16, 270],
		[250, "U3_14", 1080, 2745, "B", "DIP", "U3_14", "", "C", 64.96, 64.96, 40.16, 270],
		[251, "U3_15", 1080, 2645, "T", "DIP", "U3_15", "", "C", 64.96, 64.96, 40.16, 270],
		[252, "U3_15", 1080, 2645, "B", "DIP", "U3_15", "", "C", 64.96, 64.96, 40.16, 270],
		[253, "U3_16", 1080, 2545, "T", "DIP", "U3_16", "", "C", 64.96, 64.96, 40.16, 270],
		[254, "U3_16", 1080, 2545, "B", "DIP", "U3_16", "", "C", 64.96, 64.96, 40.16, 270],
		[255, "U3_17", 1080, 2445, "T", "DIP", "U3_17", "", "C", 64.96, 64.96, 40.16, 270],
		[256, "U3_17", 1080, 2445, "B", "DIP", "U3_17", "", "C", 64.96, 64.96, 40.16, 270],
		[257, "U3_18", 1080, 2345, "T", "DIP", "GND", "GND", "C", 64.96, 64.96, 40.16, 270],
		[258, "U3_18", 1080, 2345, "B", "DIP", "GND", "GND", "C", 64.96, 64.96, 40.16, 270],
		[259, "U3_19", 1080, 2245, "T", "DIP", "$1N894", "", "C", 64.96, 64.96, 40.16, 270],
		[260, "U3_19", 1080, 2245, "B", "DIP", "$1N894", "", "C", 64.96, 64.96, 40.16, 270],
		[261, "U3_20", 1080, 2145, "T", "DIP", "$1N900", "", "C", 64.96, 64.96, 40.16, 270],
		[262, "U3_20", 1080, 2145, "B", "DIP", "$1N900", "", "C", 64.96, 64.96, 40.16, 270],
		[263, "U4_1", 380, 4045, "T", "DIP", "U4_1", "", "R", 64.96, 64.96, 40.16, 270],
		[264, "U4_1", 380, 4045, "B", "DIP", "U4_1", "", "R", 64.96, 64.96, 40.16, 270],
		[265, "U4_2", 380, 3945, "T", "DIP", "U4_2", "", "C", 64.96, 64.96, 40.16, 270],
		[266, "U4_2", 380, 3945, "B", "DIP", "U4_2", "", "C", 64.96, 64.96, 40.16, 270],
		[267, "U4_3", 380, 3845, "T", "DIP", "GND", "GND", "C", 64.96, 64.96, 40.16, 270],
		[268, "U4_3", 380, 3845, "B", "DIP", "GND", "GND", "C", 64.96, 64.96, 40.16, 270],
		[269, "U4_4", 380, 3745, "T", "DIP", "U4_4", "", "C", 64.96, 64.96, 40.16, 270],
		[270, "U4_4", 380, 3745, "B", "DIP", "U4_4", "", "C", 64.96, 64.96, 40.16, 270],
		[271, "U4_5", 380, 3645, "T", "DIP", "U4_5", "", "C", 64.96, 64.96, 40.16, 270],
		[272, "U4_5", 380, 3645, "B", "DIP", "U4_5", "", "C", 64.96, 64.96, 40.16, 270],
		[273, "U4_6", 380, 3545, "T", "DIP", "$1N1751", "", "C", 64.96, 64.96, 40.16, 270],
		[274, "U4_6", 380, 3545, "B", "DIP", "$1N1751", "", "C", 64.96, 64.96, 40.16, 270],
		[275, "U4_7", 380, 3445, "T", "DIP", "$1N1762", "", "C", 64.96, 64.96, 40.16, 270],
		[276, "U4_7", 380, 3445, "B", "DIP", "$1N1762", "", "C", 64.96, 64.96, 40.16, 270],
		[277, "U4_8", 380, 3345, "T", "DIP", "GND", "GND", "C", 64.96, 64.96, 40.16, 270],
		[278, "U4_8", 380, 3345, "B", "DIP", "GND", "GND", "C", 64.96, 64.96, 40.16, 270],
		[279, "U4_9", 380, 3245, "T", "DIP", "$1N1743", "", "C", 64.96, 64.96, 40.16, 270],
		[280, "U4_9", 380, 3245, "B", "DIP", "$1N1743", "", "C", 64.96, 64.96, 40.16, 270],
		[281, "U4_10", 380, 3145, "T", "DIP", "U4_10", "", "C", 64.96, 64.96, 40.16, 270],
		[282, "U4_10", 380, 3145, "B", "DIP", "U4_10", "", "C", 64.96, 64.96, 40.16, 270],
		[283, "U4_11", 380, 3045, "T", "DIP", "U4_11", "", "C", 64.96, 64.96, 40.16, 270],
		[284, "U4_11", 380, 3045, "B", "DIP", "U4_11", "", "C", 64.96, 64.96, 40.16, 270],
		[285, "U4_12", 380, 2945, "T", "DIP", "U4_12", "", "C", 64.96, 64.96, 40.16, 270],
		[286, "U4_12", 380, 2945, "B", "DIP", "U4_12", "", "C", 64.96, 64.96, 40.16, 270],
		[287, "U4_13", 380, 2845, "T", "DIP", "GND", "GND", "C", 64.96, 64.96, 40.16, 270],
		[288, "U4_13", 380, 2845, "B", "DIP", "GND", "GND", "C", 64.96, 64.96, 40.16, 270],
		[289, "U4_14", 380, 2745, "T", "DIP", "$1N2143", "", "C", 64.96, 64.96, 40.16, 270],
		[290, "U4_14", 380, 2745, "B", "DIP", "$1N2143", "", "C", 64.96, 64.96, 40.16, 270],
		[291, "U4_15", 380, 2645, "T", "DIP", "$1N2033", "", "C", 64.96, 64.96, 40.16, 270],
		[292, "U4_15", 380, 2645, "B", "DIP", "$1N2033", "", "C", 64.96, 64.96, 40.16, 270],
		[293, "U4_16", 380, 2545, "T", "DIP", "U4_16", "", "C", 64.96, 64.96, 40.16, 270],
		[294, "U4_16", 380, 2545, "B", "DIP", "U4_16", "", "C", 64.96, 64.96, 40.16, 270],
		[295, "U4_17", 380, 2445, "T", "DIP", "U4_17", "", "C", 64.96, 64.96, 40.16, 270],
		[296, "U4_17", 380, 2445, "B", "DIP", "U4_17", "", "C", 64.96, 64.96, 40.16, 270],
		[297, "U4_18", 380, 2345, "T", "DIP", "GND", "GND", "C", 64.96, 64.96, 40.16, 270],
		[298, "U4_18", 380, 2345, "B", "DIP", "GND", "GND", "C", 64.96, 64.96, 40.16, 270],
		[299, "U4_19", 380, 2245, "T", "DIP", "$1N956", "", "C", 64.96, 64.96, 40.16, 270],
		[300, "U4_19", 380, 2245, "B", "DIP", "$1N956", "", "C", 64.96, 64.96, 40.16, 270],
		[301, "U4_20", 380, 2145, "T", "DIP", "$1N964", "", "C", 64.96, 64.96, 40.16, 270],
		[302, "U4_20", 380, 2145, "B", "DIP", "$1N964", "", "C", 64.96, 64.96, 40.16, 270],
		[303, "U5_1", 1880, 3160, "T", "DIP", "$1N1504", "", "R", 67.32, 67.32, 39.76, 180],
		[304, "U5_1", 1880, 3160, "B", "DIP", "$1N1504", "", "R", 67.32, 67.32, 39.76, 180],
		[305, "U5_2", 1780, 3160, "T", "DIP", "GND", "GND", "C", 67.32, 67.32, 39.76, 180],
		[306, "U5_2", 1780, 3160, "B", "DIP", "GND", "GND", "C", 67.32, 67.32, 39.76, 180],
		[307, "U5_3", 1680, 3160, "T", "DIP", "+5V", "", "C", 67.32, 67.32, 39.76, 180],
		[308, "U5_3", 1680, 3160, "B", "DIP", "+5V", "", "C", 67.32, 67.32, 39.76, 180],
		[309, "U6_1", 2874.94, 1555, "T", "DIP", "+5V", "", "R", 62.99, 62.99, 39.37, 270],
		[310, "U6_1", 2874.94, 1555, "B", "DIP", "+5V", "", "R", 62.99, 62.99, 39.37, 270],
		[311, "U6_2", 2775, 1555, "T", "DIP", "GND", "GND", "C", 62.99, 62.99, 39.37, 270],
		[312, "U6_2", 2775, 1555, "B", "DIP", "GND", "GND", "C", 62.99, 62.99, 39.37, 270],
		[313, "U6_3", 2675, 1555, "T", "DIP", "$1N2615", "", "C", 62.99, 62.99, 39.37, 270],
		[314, "U6_3", 2675, 1555, "B", "DIP", "$1N2615", "", "C", 62.99, 62.99, 39.37, 270],
		[315, "U6_4", 2575, 1555, "T", "DIP", "$1N2235", "", "C", 62.99, 62.99, 39.37, 270],
		[316, "U6_4", 2575, 1555, "B", "DIP", "$1N2235", "", "C", 62.99, 62.99, 39.37, 270],
		[317, "U6_5", 2575, 1255, "T", "DIP", "$1N2353", "", "C", 62.99, 62.99, 39.37, 270],
		[318, "U6_5", 2575, 1255, "B", "DIP", "$1N2353", "", "C", 62.99, 62.99, 39.37, 270],
		[319, "U6_6", 2675, 1255, "T", "DIP", "$1N2408", "", "C", 62.99, 62.99, 39.37, 270],
		[320, "U6_6", 2675, 1255, "B", "DIP", "$1N2408", "", "C", 62.99, 62.99, 39.37, 270],
		[321, "U6_7", 2775, 1255, "T", "DIP", "$1N2120", "", "C", 62.99, 62.99, 39.37, 270],
		[322, "U6_7", 2775, 1255, "B", "DIP", "$1N2120", "", "C", 62.99, 62.99, 39.37, 270],
		[323, "U6_8", 2875, 1255, "T", "DIP", "$1N2470", "", "C", 62.99, 62.99, 39.37, 270],
		[324, "U6_8", 2875, 1255, "B", "DIP", "$1N2470", "", "C", 62.99, 62.99, 39.37, 270],
		[325, "U7_1", 1857.68, 4123.86, "T", "DIP", "$1N4994", "", "C", 39.37, 39.37, 27.56, 0],
		[326, "U7_1", 1857.68, 4123.86, "B", "DIP", "$1N4994", "", "C", 39.37, 39.37, 27.56, 0],
		[327, "U7_2", 1806.5, 4123.86, "T", "DIP", "GND", "GND", "C", 39.37, 39.37, 27.56, 0],
		[328, "U7_2", 1806.5, 4123.86, "B", "DIP", "GND", "GND", "C", 39.37, 39.37, 27.56, 0],
		[329, "U7_3", 1755.32, 4123.86, "T", "DIP", "$1N4998", "", "C", 39.37, 39.37, 27.56, 0],
		[330, "U7_3", 1755.32, 4123.86, "B", "DIP", "$1N4998", "", "C", 39.37, 39.37, 27.56, 0],
		[331, "U7_4", 1704.14, 4123.86, "T", "DIP", "$1N5002", "", "C", 39.37, 39.37, 27.56, 0],
		[332, "U7_4", 1704.14, 4123.86, "B", "DIP", "$1N5002", "", "C", 39.37, 39.37, 27.56, 0]
	]
}
}